101,adarsh,kumar,singh,adarsh@kumar,8197416336,1983-09-13
102,amit,kumar,singh,amit@kumar,9902323890,1986-01-04
103,radha,,singh,radha@singh,8197416336,1986-04-05
101,adarsh,kumar,singh,adarsh@kumar,8197416336,1983-09-13
102,amit,kumar,singh,amit@kumar,9902323891,1986-01-04
103,radha,,singh,radha@singh,9902370891,1986-04-05
104,adarsh,kumar,singh,adarsh@kumar,8197416336,1983-09-13
105,amit,kumar,singh,amit@kumar,9902323891,1986-01-04
106,radha,,singh,radha@singh,9902370891,1986-04-05
107,adarsh,kumar,singh,adarsh@kumar,8197416336,1983-09-13
108,amit,kumar,singh,amit@kumar,9902323891,1986-01-04
109,radha,,singh,radha@singh,9902370891,1986-04-05
110,adarsh,kumar,singh,adarsh@kumar,8197416336,1983-09-13
111,amit,kumar,singh,amit@kumar,9902323891,1986-01-04
112,radha,,singh,radha@singh,9902370891,1986-04-05
113,adarsh,kumar,singh,adarsh@kumar,8197416336,1983-09-13
114,amit,kumar,singh,amit@kumar,9902323891,1986-01-04
115,radha,,singh,radha@singh,9902370891,1986-04-05
116,adarsh,kumar,singh,adarsh@kumar,8197416336,1983-09-13
117,amit,kumar,singh,amit@kumar,9902323891,1986-01-04
118,radha,,singh,radha@singh,9902370891,1986-04-05
